WS,Element
Pruebas_2G,BOG.11 de Noviembre_1
Pruebas_2G,BOG.11 de Noviembre_2
Pruebas_2G,BOG.11 de Noviembre_3
Pruebas_2G,BOG.11 de Noviembre_A
Pruebas_2G,BOG.11 de Noviembre_B
Pruebas_2G,BOG.11 de Noviembre_C
Pruebas_2G,BOG.12 de Octubre_1
Pruebas_2G,BOG.12 de Octubre_2
Pruebas_2G,BOG.12 de Octubre_3
Pruebas_2G,BOG.12 de Octubre_A
Pruebas_2G,BOG.12 de Octubre_B
Pruebas_2G,BOG.12 de Octubre_C
Pruebas_2G,BOG.12 de Octubre-2_1
Pruebas_2G,BOG.12 de Octubre-2_2
Pruebas_2G,BOG.12 de Octubre-2_3
Pruebas_2G,BOG.12 de Octubre-2_A
Pruebas_2G,BOG.12 de Octubre-2_B
Pruebas_2G,BOG.12 de Octubre-2_C
Pruebas_2G,BOG.20 de Julio_1
Pruebas_2G,BOG.20 de Julio_2
Pruebas_2G,BOG.20 de Julio_3
Pruebas_2G,BOG.20 de Julio_A
Pruebas_2G,BOG.20 de Julio_B
Pruebas_2G,BOG.20 de Julio_C
Pruebas_2G,BOG.20 de Julio-2_1
Pruebas_2G,BOG.20 de Julio-2_2
Pruebas_2G,BOG.20 de Julio-2_3
Pruebas_2G,BOG.20 de Julio-2_A
Pruebas_2G,BOG.20 de Julio-2_B
Pruebas_2G,BOG.20 de Julio-2_C
Pruebas_2G,BOG.20 de Julio-2_D
Pruebas_2G,BOG.20 de Julio-3_1
Pruebas_2G,BOG.20 de Julio-3_2
Pruebas_2G,BOG.20 de Julio-3_A
Pruebas_2G,BOG.20 de Julio-3_B
Pruebas_2G,BOG.7 de Agosto_1
Pruebas_2G,BOG.7 de Agosto_2
Pruebas_2G,BOG.7 de Agosto_3
Pruebas_2G,BOG.7 de Agosto_A
Pruebas_2G,BOG.7 de Agosto_B
Pruebas_2G,BOG.7 de Agosto_C
Pruebas_2G,BOG.AC Nielsen-1_A
Pruebas_2G,BOG.AC Nielsen-1_B
Pruebas_2G,BOG.AC Nielsen-2_1
Pruebas_2G,BOG.AC Nielsen-2_2
Pruebas_2G,BOG.AC Nielsen-2_3
Pruebas_2G,BOG.AC Nielsen-2_A
Pruebas_2G,BOG.AC Nielsen-2_B
Pruebas_2G,BOG.AC Nielsen-2_C
Pruebas_2G,BOG.Acapulco_1
Pruebas_2G,BOG.Acapulco_2
Pruebas_2G,BOG.Acapulco_3
Pruebas_2G,BOG.Acapulco_A
Pruebas_2G,BOG.Acapulco_B
Pruebas_2G,BOG.Acapulco_C
Pruebas_2G,BOG.Acapulco_D
Pruebas_2G,BOG.Acuaparque_1
Pruebas_2G,BOG.Acuaparque_2
Pruebas_2G,BOG.Acuaparque_3
Pruebas_2G,BOG.Acuaparque_4
Pruebas_2G,BOG.Acuaparque_A
Pruebas_2G,BOG.Acuaparque_B
Pruebas_2G,BOG.Acuaparque_C
Pruebas_2G,BOG.Acuaparque_D
Pruebas_2G,BOG.Acuaparque-2_1
Pruebas_2G,BOG.Acuaparque-2_2
Pruebas_2G,BOG.Acuaparque-2_3
Pruebas_2G,BOG.Acuaparque-2_A
Pruebas_2G,BOG.Acuaparque-2_B
Pruebas_2G,BOG.Acuaparque-2_C
Pruebas_2G,BOG.Aero Nuevo Dorado_1
Pruebas_2G,BOG.Aero Nuevo Dorado_11
Pruebas_2G,BOG.Aero Nuevo Dorado_12
Pruebas_2G,BOG.Aero Nuevo Dorado_2
Pruebas_2G,BOG.Aero Nuevo Dorado_3
Pruebas_2G,BOG.Aero Nuevo Dorado_4
Pruebas_2G,BOG.Aero Nuevo Dorado_5
Pruebas_2G,BOG.Aero Nuevo Dorado_6
Pruebas_2G,BOG.Aero Nuevo Dorado_7
Pruebas_2G,BOG.Aero Nuevo Dorado_8
Pruebas_2G,BOG.Aguas Claras_1
Pruebas_2G,BOG.Aguas Claras_2
Pruebas_2G,BOG.Aguas Claras_A
Pruebas_2G,BOG.Alameda_1
Pruebas_2G,BOG.Alameda_2
Pruebas_2G,BOG.Alameda_3
Pruebas_2G,BOG.Alameda_A
Pruebas_2G,BOG.Alameda_B
Pruebas_2G,BOG.Alameda_C
Pruebas_2G,BOG.Alameda-2_1
Pruebas_2G,BOG.Alameda-2_2
Pruebas_2G,BOG.Alameda-2_A
Pruebas_2G,BOG.Alameda-2_B
Pruebas_2G,BOG.Alameda-3_1
Pruebas_2G,BOG.Alameda-3_2
Pruebas_2G,BOG.Alameda-3_3
Pruebas_2G,BOG.Alameda-3_A
Pruebas_2G,BOG.Alameda-3_B
Pruebas_2G,BOG.Alameda-3_C
Pruebas_2G,BOG.Alamos Norte_1
Pruebas_2G,BOG.Alamos Norte_2
Pruebas_2G,BOG.Alamos Norte_3
Pruebas_2G,BOG.Alamos Norte_A
Pruebas_2G,BOG.Alamos Norte_B
Pruebas_2G,BOG.Alamos Norte_C
Pruebas_2G,BOG.Alamos-1_1
Pruebas_2G,BOG.Alamos-1_2
Pruebas_2G,BOG.Alamos-1_3
Pruebas_2G,BOG.Alamos-1_A
Pruebas_2G,BOG.Alamos-1_B
Pruebas_2G,BOG.Alamos-1_D
Pruebas_2G,BOG.Alamos-2_1
Pruebas_2G,BOG.Alamos-2_2
Pruebas_2G,BOG.Alamos-2_3
Pruebas_2G,BOG.Alamos-2_A
Pruebas_2G,BOG.Alamos-2_B
Pruebas_2G,BOG.Alamos-2_C
Pruebas_2G,BOG.Alamos-2_D
Pruebas_2G,BOG.Alaska_1
Pruebas_2G,BOG.Alaska_2
Pruebas_2G,BOG.Alaska_3
Pruebas_2G,BOG.Alaska_A
Pruebas_2G,BOG.Alaska_B
Pruebas_2G,BOG.Alaska_C
Pruebas_2G,BOG.Alborada_1
Pruebas_2G,BOG.Alborada_2
Pruebas_2G,BOG.Alborada_3
Pruebas_2G,BOG.Alborada_4
Pruebas_2G,BOG.Alborada_A
Pruebas_2G,BOG.Alborada_B
Pruebas_2G,BOG.Alborada_C
Pruebas_2G,BOG.Alborada_D
Pruebas_2G,BOG.Alcala_1
Pruebas_2G,BOG.Alcala_2
Pruebas_2G,BOG.Alcala_3
Pruebas_2G,BOG.Alcala_A
Pruebas_2G,BOG.Alcala_B
Pruebas_2G,BOG.Alcala_C
